{"cameraMode":{"drawMode":0,"name":"Shaded","section":"Shading Mode"},"sceneLighting":false,"audioPlay":false,"sceneViewState":{"showFog":false,"showMaterialUpdate":false,"showSkybox":false,"showFlares":false,"showImageEffects":false,"showParticleSystems":false},"in2DMode":false,"pivot":{"x":15.355466842651368,"y":5.220420837402344,"z":-63.90177917480469},"rotation":{"x":0.2533239424228668,"y":-0.02564590983092785,"z":0.00711559085175395,"w":0.9670153856277466},"size":134.08497619628907,"orthographic":false}